,A,B,C,D
2000-01-01,-0.8572556454023279,-0.8794298340700081,1.101383516757366,-0.5199940721935535
2000-01-02,-1.2083465918761185,-1.8994084532106132,0.4365486420113651,0.9609783026511448
2000-01-03,-1.6712755163399902,-0.8426513668525757,-0.7291887634320116,1.1297634120602325
2000-01-04,-1.7447141188148676,-0.41282627261648547,0.22273525763354118,2.1873138791177134
2000-01-05,-1.1164812552799621,-1.0520736807619113,-1.5249931831922008,1.6744448001831485
2000-01-06,-0.6261935720314726,-1.8712501080983295,-2.667507967122045,1.4705120317109421
2000-01-07,0.19890390939878366,-1.624532511602347,-3.308545181400135,1.9865718320481798
2000-01-08,1.2444269511769506,-1.3623677405375185,-1.9752702541984692,3.6407309204469427
2000-01-09,-1.8757256366463986,-0.7737063204562203,-0.3012929319376072,5.506931681986418
2000-01-10,0.5329331866550151,-0.7375215302995377,-0.46098806457707164,3.812593923338028
2000-01-11,0.44579582444147275,-2.0567404148029267,0.8568358038164965,3.3714795108215028
2000-01-12,1.401897769122743,-3.1437054588473314,0.7295905867302855,1.1374777256622308
2000-01-13,-1.088964284713701,-2.790548581458063,1.3785308458167596,2.5093880419220023
2000-01-14,-0.8499079938137534,-5.458003993592203,0.7909131129735305,3.5591464700164996
2000-01-15,-2.35693640363157,-6.48237793281981,0.19699335312409227,3.349016996317071
2000-01-16,-0.14792692717712042,-7.858547663604136,-0.37274192194795164,3.6062725072630717
2000-01-17,0.8186506225837902,-8.223132564522706,0.3474881956279523,5.036002366799924
2000-01-18,0.7891785352053338,-6.847264576716568,-0.47994838353304936,4.218547886463526
2000-01-19,-0.9128283790580376,-8.81861613407657,-0.62583834946189,3.639309876376716
2000-01-20,0.41744504122884396,-7.379166159943083,-0.03836901004634974,4.907132468761227
2000-01-21,-0.05438775191139045,-6.945728700972274,1.340320862364428,6.1484683122690935
2000-01-22,-0.41628135006683453,-8.690573042566392,2.631899588809241,7.7769733888228245
2000-01-23,-0.42768139983659986,-6.430894974421893,1.394012019570129,6.899128663950423
2000-01-24,0.6013242363380746,-7.184171823482287,1.1121030462976977,5.83735034062778
2000-01-25,0.595608995840937,-5.0276587472149314,-0.24272214481744192,5.059134825314842
2000-01-26,2.3831434793603345,-6.581046209192609,-1.4924950815991829,4.383368011284149
2000-01-27,3.3184693684271203,-7.831557800453132,-0.8942023192399743,4.321944529075157
2000-01-28,2.9008698498946863,-6.972419317716805,-0.1231544391820949,3.667836365903129
2000-01-29,3.285925539508592,-6.5757429137951995,0.48949909167598904,4.144970175075764
2000-01-30,3.478853395247905,-5.844500783002953,-1.8071891191891991,4.385875770869422
2000-01-31,4.4827379281893975,-6.214751898147874,-0.6750506853036486,4.975642544351214
2000-02-01,4.185305626172427,-5.140345500307059,0.21340249978918147,7.880289653517265
2000-02-02,4.422382233874073,-4.999127105053098,0.37984516970791593,7.0263808653074555
2000-02-03,4.833992296100361,-4.795909103884016,-0.8207582337639308,8.427938110541774
2000-02-04,4.409738091999714,-3.0499403380019237,-1.5983824288566844,8.14039043181669
2000-02-05,5.6501004985134395,-5.138778287988385,-0.6522225884892353,8.643746346687566
2000-02-06,6.115020933104498,-3.1559293559054677,0.8700275201772804,10.038762272326194
2000-02-07,5.467775352193218,-3.699850548613912,0.5899666688966252,10.096731566687017
2000-02-08,4.619988574637714,-3.278908324593735,1.0531759140255936,10.135897636384522
2000-02-09,5.6124187577031615,-3.0040477904945053,0.7985096222836758,10.156225815245078
2000-02-10,5.480976210220595,-2.3836826798765296,0.24543745698351815,12.348573656944952
2000-02-11,4.278367603374985,-2.9723728341904074,1.5209488729071756,11.918678045521307
2000-02-12,5.092270434175204,-3.077253542987089,1.763193688322598,11.615102384901949
2000-02-13,4.845336478914277,-4.1370813493092395,3.3542287198145444,10.156533415694462
2000-02-14,4.587709144322519,-2.5102365536455373,2.8533164648550513,8.450339536133912
2000-02-15,5.625676354224412,-1.4656692567197966,1.7531114221702442,9.555912598362223
2000-02-16,6.232743183155648,-0.8818088540637313,1.6177280093219355,10.172147699417263
2000-02-17,3.259246322472761,-1.154535390443677,2.228165658233339,10.021206106315663
2000-02-18,4.262110877782669,-1.4365794918709112,1.1223561179190988,11.207493285714543
2000-02-19,4.560826470501341,0.5995737165047372,3.2722575444376587,12.604819233926925
2000-02-20,4.81283001729429,0.13074533406143674,3.184224720814521,13.253693415611318
2000-02-21,3.866396119744948,0.5401509377269564,1.2452504302710987,14.365846746891217
2000-02-22,4.626602483730673,1.5904294571991289,1.6625508483642792,12.945510104231396
2000-02-23,3.8383613002042316,0.9460803992131871,2.4195064718084573,13.108674616758943
2000-02-24,3.754333430051753,-0.5541511724447351,2.115200719919819,12.526631049503608
2000-02-25,4.921192600602405,-0.2991995275711056,1.006200279805258,12.70110139946362
2000-02-26,3.838444293938081,-0.12319255508151444,0.9894241576411354,12.819575792391177
2000-02-27,3.474182575136219,-1.433334127889123,0.7033675295927552,11.898539556492105
2000-02-28,4.231222879943511,-0.765863978311278,1.2276242216576265,11.140699441623145
2000-02-29,3.0957237845584427,-0.6858760712796348,-1.1570019155308975,11.17900744072439
2000-03-01,2.7916329538766296,-0.8643123649170024,0.054162033645053675,11.34107695002156
2000-03-02,4.209204525736082,0.6604052958305304,-0.48572346379005815,11.699902573127337
2000-03-03,3.365467992407853,0.7989796483921723,-0.15658143330331759,11.686080125443178
2000-03-04,2.645637488190541,0.5618095306765346,0.8301064638409335,10.935950588199036
2000-03-05,1.6328617215167867,2.212141314261837,1.5761272373761925,11.947859463086045
2000-03-06,1.9485226507448055,2.6583531759083403,2.3780185871684387,12.159935067050672
2000-03-07,4.406709292497097,3.4409396249081765,1.699649287012686,13.03637221313462
2000-03-08,4.342924888603379,3.9280065424920365,1.22990624904083,12.868544730686134
2000-03-09,3.4900588846937617,3.912841740659951,1.0946305076788934,14.442600836277816
2000-03-10,3.0924552942977668,3.7578828354097746,1.5037485321286705,13.585415741600611
2000-03-11,3.497597754091396,4.1716646164069395,3.4857976829188795,14.141660678792336
2000-03-12,2.871873808779722,3.7213022298716383,5.040676129485979,16.233751020275044
2000-03-13,3.057910690437229,4.422866645524671,4.991934962666911,15.466481568362784
2000-03-14,3.1976020644717917,2.2217570446699484,6.281970271875909,14.5500539193471
2000-03-15,1.2898139992396254,3.104007280252231,3.9253441194984466,14.005921239919905
2000-03-16,0.7635555256985453,4.4837006768214795,5.616863100003094,12.066075563867514
2000-03-17,0.3793054914291252,3.7898678972132465,6.045189539114547,11.329478547295
2000-03-18,0.5996572713398988,5.464244724210463,4.707897009667801,12.352971741832416
2000-03-19,0.9875814175793857,6.566213089922776,4.717663474294622,13.660339012064393
2000-03-20,0.8422642747250568,5.685316741502352,4.023628440373894,14.489812257528977
2000-03-21,1.0763877868682439,3.6905538175022277,5.5029218871587515,14.458369712813356
2000-03-22,2.1552827191660078,3.722788924098224,6.023623105241244,15.331735542737189
2000-03-23,2.8338269737344124,1.7730988667914043,6.717910818476047,16.194690055895755
2000-03-24,1.9246846262945903,1.9432233278605753,7.443165941720072,16.580864555858394
2000-03-25,2.7489611656636304,1.7161356555127547,8.212869855830167,16.638175420411386
2000-03-26,3.4815838488712423,1.8263738909075928,8.39526265471826,17.347168264815885
2000-03-27,3.494984902064154,2.8655837114336915,8.971659917024805,18.200674132490082
2000-03-28,1.7509148490744737,1.8742706404874447,7.859533056018655,17.23236957563135
2000-03-29,-0.645895464371121,2.337012035036909,8.370761271572926,18.168964686591707
2000-03-30,-1.5512029839832824,1.9469888301353722,6.371596905876296,17.07187465838262
2000-03-31,-1.2536445534631255,2.738769092106168,6.436169609416894,17.73478053792395
2000-04-01,-0.2412523201335548,2.946195037046961,6.568709903267258,16.61558905023325
2000-04-02,-0.5455858082150499,2.9254571881634552,7.572953999369533,17.01282599757693
2000-04-03,-1.183062390200125,3.6450653411831535,7.290089574567871,15.794303927696566
2000-04-04,-3.422840445025918,4.2870560066221195,8.229120702039875,15.960771535188696
2000-04-05,-2.741711937542144,3.2209162754002207,8.679939148031362,16.237071306468657
2000-04-06,-2.8339419290349,2.455267123574429,8.155752657758255,14.691258670203187
2000-04-07,-1.879409544081844,4.187275333312106,8.125015020083264,14.461818129781049
2000-04-08,-2.563647958806481,5.095045534518563,8.899012524702117,13.661302550953012
2000-04-09,-1.0636345422768714,6.569069236040761,7.908352904687745,14.767207081406031
2000-04-10,-1.8034185738939097,5.643879130640404,8.706396239526214,16.43535208356223
2000-04-11,-1.61415820858245,6.005413731798166,8.649822007427325,15.160899649046135
2000-04-12,-3.0152482943245165,5.1529107267789165,9.35556745449442,14.268844076828353
2000-04-13,-2.74476952305045,5.018894126362989,12.012243312464777,14.321658443098686
2000-04-14,-3.587914436750838,4.958987729536112,13.089326240109097,14.678402672052531
2000-04-15,-3.4280472264570987,6.061639599066822,13.446244528260843,13.798246698610223
2000-04-16,-3.44821432946651,6.307967946772244,12.783490311982566,13.181538540375438
2000-04-17,-2.961909832475076,6.021977208305132,12.349768002246154,13.7579234040287
2000-04-18,-3.1885850000334925,7.275049379480577,13.194043695606423,13.822308507793402
2000-04-19,-4.016237677361554,8.843157346696806,13.465227075003774,12.977286709959783
2000-04-20,-1.450356385215188,9.82284408422818,13.147335973916201,12.725246983436008
2000-04-21,0.2010536547504782,8.875189156247284,12.61864032852101,12.309865263389662
2000-04-22,-2.038773281750327,10.373563538998495,11.957964950171533,13.492303180164441
2000-04-23,-3.183983135402566,10.897384442233324,12.61378782662666,11.453768708841668
2000-04-24,-3.1358253564065617,10.75201797831691,14.320034992104699,12.187629387014079
2000-04-25,-2.8319533780250468,11.64919771192434,14.344569226199816,13.368050810888057
2000-04-26,-4.286138363349288,11.718677382869162,13.929348655824496,13.409770633295292
2000-04-27,-3.3699611059490344,11.088601355833166,15.045591626912737,12.698380881548049
2000-04-28,-3.4729879213438006,10.610634719048356,14.829830740653986,12.240601907742192
2000-04-29,-1.8009339618831057,10.736837886379398,15.533732237011632,11.07632699462501
2000-04-30,-2.4355713479694066,10.3780064886243,14.19695442945973,12.040094954499857
2000-05-01,-4.694952338640805,10.78048892873294,14.228356355354745,13.878097357071173
2000-05-02,-2.955444811500354,10.171618959796579,12.394375790092562,14.12758916530831
2000-05-03,-2.223168657255642,10.636186233393898,12.639632146378208,14.68969663969892
2000-05-04,-3.9654244252906743,10.800739784538585,10.231872321317907,13.366431064272026
2000-05-05,-4.235982449807836,11.534226123527814,9.302107724424372,12.503600966169433
2000-05-06,-5.237311221733965,11.095091442897292,9.298941011604244,12.884718728840948
2000-05-07,-6.101509882487369,9.154829619193151,8.455155921587743,12.430109186521443
2000-05-08,-4.499213650139872,8.7751878717319,7.651280289067385,12.957516566625085
2000-05-09,-3.928913769891091,9.394925057040302,8.9470819467183,12.838570592386708
2000-05-10,-4.521175992441468,9.348348674659656,9.334105086658429,15.148925175150742
2000-05-11,-6.342702262857013,10.346302120849474,8.7743070090441,13.963620217776269
2000-05-12,-5.967125628958867,11.132198229740826,9.934627742468654,14.814253844240202
2000-05-13,-5.356422423984384,9.546119167236277,9.436341547696468,15.118130959881254
2000-05-14,-5.953644446642679,11.145667737050925,9.502761278921273,14.962719058372995
2000-05-15,-6.4618418455246385,10.79229285241446,9.883216674411694,15.107276097943574
2000-05-16,-4.212016755008928,10.589525828837983,12.39674460679153,14.463852475077399
2000-05-17,-2.2043273245266826,10.188065462014642,12.768756895973466,13.588499151229295
2000-05-18,-3.008085002898004,10.654183553405016,14.640432157848295,13.918106016407696
2000-05-19,-3.356666382431053,9.610548713588342,14.812614737939471,11.149937793178248
2000-05-20,-4.7317303388337795,8.341261778129935,16.941624472202715,9.744505989322747
2000-05-21,-2.836809125318385,8.923617609002854,16.99363164612949,9.231926302888775
2000-05-22,-4.800143086212613,9.003212188649666,16.644234094731498,8.836107091385744
2000-05-23,-5.109363769816035,8.519107653325468,18.27587447239872,8.157968110396034
2000-05-24,-5.061112430863972,9.87322201266171,17.38335462466105,8.1786551584212
2000-05-25,-5.552588106596458,10.69118117914432,17.231299641379643,8.827570548505282
2000-05-26,-5.907413281078362,11.270933047349533,16.971112657565733,6.529623663319104
2000-05-27,-7.388812981235895,11.464180261645252,16.74969618747622,6.6455459919746245
2000-05-28,-8.24641205026344,10.830830508460904,18.243510641504574,7.866930570429806
2000-05-29,-7.226526293016471,10.196395059480935,18.77202967116949,8.342394764551187
2000-05-30,-6.860614020536134,9.714928730888575,19.513150324168453,7.540153451858123
2000-05-31,-6.001559294656989,9.166908638955462,19.288125922685225,8.273718220248009
2000-06-01,-5.201755280847691,10.033940221844919,17.136437434717106,6.830499278473537
2000-06-02,-5.604381256686663,10.60905897075656,16.727255286339364,7.819208810561381
2000-06-03,-4.894713736260888,9.91042930023278,15.543738976127498,6.512488333678734
2000-06-04,-4.864348762571981,10.070325434027033,15.02963870328793,5.800597420750859
2000-06-05,-3.702303461749983,10.392385497941273,14.231177118132807,6.724909805129322
2000-06-06,-2.3797698821506703,9.698898981309023,14.671703826496056,8.09330862530976
2000-06-07,-2.407149582026124,11.450445277356396,15.218143595202228,8.90098874565465
2000-06-08,-1.167710867203077,10.929426146873206,14.205568862003808,8.618495528805372
2000-06-09,-0.4577961782262756,11.382997495341186,13.347878054243814,8.881693512698373
2000-06-10,-1.6009417258195684,11.832965814169102,13.591709567847328,9.489414857530594
2000-06-11,-1.7744746446464856,9.765834547257436,14.031516016370286,7.8059776372356495
2000-06-12,0.01790339223043569,7.790712863166243,14.529109329161631,7.012897599561937
2000-06-13,-1.092168282867181,8.42076661303731,14.331983877831002,6.144321638092299
2000-06-14,-0.4673252652794174,7.716261874341362,16.15271661901248,6.116899187321672
2000-06-15,-0.8368022822669059,6.493450873103448,14.460033948794388,5.4509112806113205
2000-06-16,-2.7602857154792897,5.4464560466198115,14.89198433760886,4.96241940322231
2000-06-17,-4.3714579066286285,5.075691230185411,12.945089930265038,6.115725002236572
2000-06-18,-6.980105003404727,3.768024124364457,11.973898441240248,5.573441462791176
2000-06-19,-8.565155557291142,4.334627252317628,10.854720405169163,5.45166524749031
2000-06-20,-9.539536944862446,3.898119065175742,9.389302285009762,5.013750047657026
2000-06-21,-8.80805399914065,4.532266985984078,9.55723578183037,4.990200700609724
2000-06-22,-7.732590323893473,4.907804053901168,10.121631974781963,3.7973373179525973
2000-06-23,-7.69680947626056,4.864296417387187,9.232037406652825,3.235530362977153
2000-06-24,-9.077358760101744,5.735267717127062,9.859772702066804,2.982442947644921
2000-06-25,-9.846911177536128,5.761608025131654,8.844803456109549,3.305562038371575
2000-06-26,-8.619079176193388,4.962452145756559,9.43644018513633,4.187106551028156
2000-06-27,-9.406859475386202,2.7757141560369285,9.764598921040049,4.612402542726558
2000-06-28,-9.774948959741144,3.545726712909844,8.769743689950486,4.93394189067387
2000-06-29,-9.167620938324845,4.485361397837287,7.660505964044463,4.694759296122062
2000-06-30,-9.693779936736291,5.5164171183100885,7.399957753661157,3.263212035928129
2000-07-01,-8.785802185706482,6.363828472996849,8.197390665015348,3.570593188891961
2000-07-02,-8.415211937117665,6.176447013888202,8.678903638375887,3.763108327535755
2000-07-03,-7.796067348410355,6.215351194728813,7.182225885234841,5.08303382536652
2000-07-04,-7.776928123418218,5.573112339445527,7.905908333587658,3.206584433998703
2000-07-05,-6.218133135584786,6.607166388925641,8.887015202790248,5.287176650411129
2000-07-06,-5.087800996744143,5.574546198054869,7.842386693498063,3.5383240579094757
2000-07-07,-5.306449509329866,6.452027037775466,8.02436491928334,4.092213268271863
2000-07-08,-5.6054258085642426,5.201743519826032,7.613192520569385,4.186515673457197
2000-07-09,-7.390587022211646,5.186431629632583,7.932973545534669,3.439690567277231
2000-07-10,-6.834607529839547,5.143338775222002,7.205013996680377,3.03860288190341
2000-07-11,-7.4808883400678585,5.1907192058526155,7.343233686581906,1.1988873474206205
2000-07-12,-6.100883000013682,3.837057838751624,7.447934626656536,3.316670943241088
2000-07-13,-6.970128614027704,3.5853249060197165,6.161383411893189,3.7566237243208214
2000-07-14,-6.839454469155628,2.9828948139926115,7.252977357885874,3.344501140713566
2000-07-15,-7.471114886000942,3.003168749130852,8.556626728738992,2.618011854638335
2000-07-16,-6.696901323594609,3.7377813917160596,9.219964952258405,2.9902132685696454
2000-07-17,-7.252873311136868,3.257320182213941,9.418102108475857,3.6639264574579413
2000-07-18,-5.650295089209569,4.044811524421732,9.46696101088309,2.684675396343921
2000-07-19,-3.6386405708381377,4.7111960138850995,9.92396026440763,2.7875121939188925
2000-07-20,-3.4628140814719073,6.301142026152679,8.157420280583976,2.7442797429818917
2000-07-21,-3.885328859957743,6.659406999347295,7.2317348487176805,2.7506096149461725
2000-07-22,-4.4029875953866275,8.537181888363854,6.326635567501869,3.224168639551573
2000-07-23,-4.860609146899268,6.27710481890686,6.3722356541915195,3.14633241398975
2000-07-24,-4.216370765848387,4.757965647409908,6.592204271419387,1.8718327082416464
2000-07-25,-4.161239014179745,4.268026162994933,6.031349343294763,-0.5158415691243505
2000-07-26,-3.0603283946319406,5.112962362859649,4.974108335864475,-0.3044995887462314
2000-07-27,-2.7566715368683856,3.8614293293150483,4.116978947777161,-0.4437092527279638
2000-07-28,-3.7216755489103055,3.289809426702721,5.032402960834492,-1.7508592641534049
2000-07-29,-2.5950113673433917,3.1073279008909047,6.242477865925478,-2.5883389016184744
2000-07-30,-1.8507657944266196,2.29388179215008,6.30189724875816,-3.579773509540675
2000-07-31,-0.254492882797811,2.1508767323212865,7.134118711204251,-4.38346955716621
2000-08-01,0.033165875190838856,2.674874589732674,6.318521674521016,-3.666081752762677
2000-08-02,-1.4825289895078189,4.584160272646017,6.0330996385797135,-3.511497874439638
2000-08-03,-0.22483328495072974,4.730102871742971,7.7727154070059115,-3.100642024704725
2000-08-04,-0.4643987586902908,4.629926373841029,7.174399392713767,-2.349585000269032
2000-08-05,0.22793169261242607,4.710824342908311,6.705786649476349,-2.7328753240380745
2000-08-06,0.5103426236354055,4.202909923109082,7.508881231738235,-2.380328979676391
2000-08-07,2.09638526887658,4.306580177478336,6.69678881944236,-2.9412397213408523
2000-08-08,2.665365946533524,4.610607621042824,5.222540760786012,-2.9733883574885795
2000-08-09,2.2823703169146445,1.7347132748923877,6.355875453670846,-4.352933183463119
2000-08-10,1.8159881476993671,1.9700409218982755,6.75716040530379,-2.5338412341627192
2000-08-11,3.174337034475152,1.3337704723072004,6.525539529838972,-2.8620375281728565
2000-08-12,2.4970431341904584,0.996990353621371,6.489148360738605,-3.399833302117034
2000-08-13,4.509908764847144,0.25201005867774073,8.449020474377935,-4.9648825633268245
2000-08-14,5.281162613085051,-1.5807855128664543,7.39828049085026,-3.511870167994787
2000-08-15,5.873882627687555,-1.8317068016300002,6.585312683987656,-3.947076618656974
2000-08-16,5.964522255882917,-2.474044416193093,6.072848564536381,-2.8894073595163725
2000-08-17,5.36880451710315,-2.685508958669468,7.790883059927164,-3.860960759345904
2000-08-18,5.39126585988499,-2.627895614387117,8.545484181465964,-1.69247300584771
2000-08-19,5.595414533691991,-1.5769690224789712,9.638376940006134,0.482291238903358
2000-08-20,5.897884866205647,-2.05503525528096,8.531795138485174,1.2600862334783394
2000-08-21,6.299985403023005,-1.7795684535157656,9.176907779260603,2.556913498953019
2000-08-22,7.276187879803866,-1.6364210836902295,10.543114906654186,4.700777219614619
2000-08-23,7.641638854034239,-1.4669769473341006,9.497661053214971,5.893399709277563
2000-08-24,7.536681824668152,-2.7629607426686,10.32116040649887,4.783219525806247
2000-08-25,6.794907541409948,-3.268977661712917,9.690981789786873,5.127726297515236
2000-08-26,7.524634397717945,-2.8396599041854613,10.805959755055316,4.479619380392754
2000-08-27,7.502548681567175,-3.8324137193678203,10.269207360320298,3.4441055959520095
2000-08-28,6.020273960685385,-4.306980744447689,10.011638671917273,3.257853315508462
2000-08-29,7.366329126470035,-4.343863888999962,9.775586664217354,4.042954045590774
2000-08-30,6.517633330178496,-4.715621484436245,8.724196687890053,3.894276862589071
2000-08-31,6.01512143171837,-4.49950944657772,10.879921466285234,2.747337772300954
2000-09-01,7.099285385999643,-4.109804389668597,10.302888856884145,0.3518514878363703
2000-09-02,6.983279394941605,-3.645300153038413,10.483004442709332,-0.4642533721909432
2000-09-03,7.676509072599965,-2.3924814682000575,11.634394826852528,-1.151593208123045
2000-09-04,6.825061238861559,-3.96750584797509,11.549033587444606,-1.5396641569247045
2000-09-05,5.992464151076089,-3.640875498899146,12.06552919095526,-1.6330652459031254
2000-09-06,8.021396814702916,-3.788949299925062,12.276932051300419,-2.548992810803936
2000-09-07,7.101051789338248,-3.431342383045744,13.393561520497348,-2.133240720514391
2000-09-08,6.858189458652774,-3.8204751126026757,13.735567717498869,-3.0178663008282838
2000-09-09,5.634096454440245,-2.7615439600387113,13.924224137592383,-2.729112915810485
2000-09-10,5.1752965725356805,-3.3088409667654037,14.712967474306451,-2.6696005576505626
2000-09-11,7.619544302995781,-3.1777379560956898,15.775904043731192,-2.790273019767666
2000-09-12,8.271382553550279,-2.774425507994982,14.64213034086866,-3.256635862544564
2000-09-13,8.263724213912573,-3.394740684415388,13.649354410961372,-3.095578522115759
2000-09-14,6.678504844304385,-2.363312668947705,12.985402863203923,-2.687838712203575
2000-09-15,6.5327146986975935,-2.915771289915342,12.210064768704772,-2.291050110750375
2000-09-16,6.437571293699095,-1.4458201724261237,12.793990645624506,-3.1731420282352802
2000-09-17,7.2844215192105555,-1.5597773619528645,11.965094919304738,-3.9579774786085222
2000-09-18,7.216599761823501,-1.7151584185116222,11.143952492852486,-3.9775304255356683
2000-09-19,7.7847468210750845,-2.423834634362676,10.751512518928639,-4.138787524757278
2000-09-20,6.573014069385881,-3.382633582466422,11.570543931293223,-5.182609689144357
2000-09-21,4.024837693181276,-4.946695626842982,11.900985314850642,-6.196607143720196
2000-09-22,2.6081782554587463,-4.59084442411074,10.129122881704482,-7.184643854873994
2000-09-23,3.696304185403888,-4.724934745945421,9.084382161750986,-6.908162564919876
2000-09-24,3.7923625256903475,-3.8361070720197388,10.597970493820107,-7.085523092909739
2000-09-25,3.456288176472509,-2.762746077539096,10.398862118982851,-8.170414866217486
2000-09-26,5.320654207623527,-3.7390109439113974,9.18972385799932,-6.781874456992775
2000-09-27,5.137230905876687,-2.757127470088406,8.922909778858074,-6.76775553651721
2000-09-28,6.650296149211483,-2.513690230115323,9.9482585979393,-7.061658492797048
2000-09-29,7.994337145504464,-3.9046205320309912,10.647646310160372,-7.695911448432748
2000-09-30,9.75147087106536,-4.527777024608945,8.697543323109421,-8.768142254346143
2000-10-01,10.450774059997306,-4.907741117679318,9.036570250695931,-8.496962247433405
2000-10-02,10.728662776957782,-4.485328803162404,9.683359881691851,-8.431717141206816
2000-10-03,11.644409038458784,-3.18423457083553,9.95373461404992,-7.863293649406242
2000-10-04,11.056253652421992,-3.250149238278264,11.63302348995347,-8.186477932097235
2000-10-05,11.061553105146398,-3.657707545568343,11.174317547625137,-9.21051951073728
2000-10-06,12.354504566085144,-3.315918434934072,11.024824497602632,-9.464856715586192
2000-10-07,12.299668046063452,-4.097470529846217,10.734342485427845,-11.020886744991845
2000-10-08,14.359813650133525,-4.8657819256919135,9.994444689122998,-12.786535283022596
2000-10-09,15.129728749806011,-4.117748981381377,7.218963939202833,-13.362134795539243
2000-10-10,14.179520720634939,-3.659196325333493,6.528345220187163,-13.7535676464636
2000-10-11,14.148934767767223,-5.183935607684694,5.924145137625499,-13.252861769275704
2000-10-12,12.552804592906723,-3.861062654444483,6.261350726994744,-11.950967385268273
2000-10-13,12.257590026815354,-3.2420339541854917,5.018021277424246,-12.348398756196087
2000-10-14,12.75855425211699,-3.8617099900383476,7.076755830885224,-12.634315989406867
2000-10-15,12.251896305285506,-4.774037659060435,6.8693733179749525,-14.215328515481282
2000-10-16,13.096786693215451,-5.955931114215413,7.091119959749088,-14.66877347643394
2000-10-17,12.415303060774228,-6.403888270966717,7.421201373880114,-15.875545541349734
2000-10-18,12.029414111935758,-5.009306631263565,6.9720786560051895,-16.79390487614493
2000-10-19,11.537455590307307,-6.770716108010191,6.445541848520916,-16.72371408758338
2000-10-20,13.526225930969163,-5.08114421238341,6.7233641108692925,-16.952371170140257
2000-10-21,14.889094205495848,-4.1924818393000525,6.1937893297466715,-17.874982637726923
2000-10-22,16.635462913444606,-5.249617339126353,6.781497628031909,-18.037607370131358
2000-10-23,16.56616144797912,-5.659259423181822,7.304270238197457,-17.537569589611028
2000-10-24,16.16025427800517,-4.444613461981703,8.236354337395548,-16.64870728087955
2000-10-25,17.02761362890166,-4.859773544194053,7.432382505011391,-16.145506276284525
2000-10-26,16.097738325386135,-5.360898682119214,6.950758872283973,-16.59702586497525
2000-10-27,15.160323093468836,-5.260497128614089,6.549308267998158,-16.128634616660783
2000-10-28,17.0801161270021,-4.644202955036651,6.209830630453291,-15.41914706587404
2000-10-29,16.1010267678194,-5.384306506897495,5.637940849755992,-15.994715004174726
2000-10-30,16.948171663472095,-5.643230815646158,6.221587344325495,-15.910792699978268
2000-10-31,16.36542697129131,-6.555260807748507,6.81478419418955,-14.637712372402133
2000-11-01,15.149910527822165,-7.18546067585892,6.7777115569620445,-14.194602295329888
2000-11-02,15.98751882430693,-8.461535717572861,5.098966208878307,-16.365071203260786
2000-11-03,14.168336593417571,-8.401084054597446,6.418437045464433,-16.54407920202685
2000-11-04,13.957583516154397,-7.793818965073945,3.855650740580971,-16.430903875228967
2000-11-05,14.07919103065028,-8.25478557054301,5.510998314172261,-16.833102465568725
2000-11-06,13.971740397443824,-10.13121221530134,4.902821360300325,-17.00853323016493
2000-11-07,13.39355437974302,-9.042399831840445,4.613992510527289,-17.006096117265947
2000-11-08,12.063271392741123,-9.273802825149772,5.172103727948563,-15.630007618247074
2000-11-09,11.253302550211862,-7.5182507456497145,5.629291412409327,-14.821242456841086
2000-11-10,10.106936930117106,-7.9122349309696185,7.0235282093432465,-13.13243114446711
2000-11-11,10.296198424484762,-8.165411595439425,5.651220178650345,-13.367021511645046
2000-11-12,9.263426862101987,-8.8626985444946,6.182552486289489,-13.089233621493552
2000-11-13,8.487929273901548,-7.868133633203793,6.166028183879372,-13.533509500553441
2000-11-14,7.758832799107395,-8.300868150193217,3.621902784616557,-13.369659474835798
2000-11-15,8.126194706526007,-6.744981940660429,2.7143254944595476,-12.385701035686715
2000-11-16,6.727478166091791,-3.9645279022992557,3.467208286388305,-11.349519122554927
2000-11-17,6.0118539761513095,-4.718475962238856,4.685153015635152,-11.629155897171403
2000-11-18,5.8471965344825305,-5.929724679574884,4.981864186236294,-11.50845076763748
2000-11-19,5.590148313024654,-6.739164227030959,6.095804250777481,-10.890429526548377
2000-11-20,5.928222179835199,-6.973088804038704,5.9151380327027,-9.66621911970877
2000-11-21,5.157318509338927,-7.115664106968559,7.2107492435763065,-9.406087079479432
2000-11-22,5.10722930918164,-7.622766531063119,8.283968272461232,-9.823714301143449
2000-11-23,5.680072556725672,-6.548248487710429,7.4651004382077915,-10.630561782635999
2000-11-24,6.280203958768977,-6.422297670252768,6.573854905622959,-9.915928221135607
2000-11-25,7.068261132893474,-5.969954308786759,6.048610825753966,-10.744625974513038
2000-11-26,7.139028707064128,-5.915907731977438,6.144577307438812,-9.876253400428205
2000-11-27,8.371989406081802,-5.2208327073291185,6.6166169497447935,-9.547197119736104
2000-11-28,7.120015483329313,-5.374717193781239,5.852447206505584,-9.876027570742721
2000-11-29,9.20450034361863,-5.07628436314595,6.91283445040579,-10.980515430559695
2000-11-30,7.759718795707452,-5.0895789327035015,8.121826096976609,-12.772384787299341
2000-12-01,8.319689320543628,-5.57731266441703,8.456179169677657,-11.367086434415487
2000-12-02,8.605120257045288,-7.011294782044476,9.383803311395361,-11.706696280685742
2000-12-03,8.053449993058308,-5.3804203752331645,9.252706670725365,-10.573930468980075
2000-12-04,8.885765570601958,-6.646849737921717,8.316490132961516,-10.956383362169962
2000-12-05,8.636395050970004,-6.065868048794466,7.462666011626107,-9.392908791616632
2000-12-06,7.729490939661701,-4.112135889343514,6.773385358643746,-10.868669255609674
2000-12-07,8.83612012913738,-4.916841257490709,6.280362816806877,-10.886597791501268
2000-12-08,9.256467561290005,-5.572635907620444,6.332874572062565,-11.753789974751156
2000-12-09,9.208505051297834,-4.321784619945014,6.61833705899716,-10.532480839909649
2000-12-10,9.484504577357818,-3.851919086705534,7.796217282095675,-12.183866094262072
2000-12-11,8.700028886799295,-4.58954626561926,8.650995839000194,-11.609890396239098
2000-12-12,8.413776683140808,-4.897280916003309,8.161995104991089,-11.438115876891823
2000-12-13,7.555451429469036,-4.194442591036305,7.777134741836518,-10.287162456506001
2000-12-14,7.896014370521439,-4.067310993472464,8.242595549466062,-10.263021939405597
2000-12-15,8.336463269732016,-3.3791489755986106,8.389217081603423,-9.277471416895612
2000-12-16,6.114611062254385,-2.4354785306389894,8.046230196289311,-7.510992230966089
2000-12-17,6.1324618761125915,-1.609853128790294,6.387766121806633,-9.6140337771034
2000-12-18,5.379545361446322,0.6083221373116909,5.850479587281897,-9.575915370710003
2000-12-19,5.175347598926225,-0.12832130683554732,5.790026942351874,-10.654134099141682
2000-12-20,6.038618635411613,0.7765476322848848,5.844542182069365,-12.076635078815801
2000-12-21,6.500810104723752,1.8806437363662425,5.944431895688044,-11.46301928343834
2000-12-22,6.535311699745289,3.0142076960535142,4.494639232667858,-13.064794054141599
2000-12-23,7.657523180070644,4.301131939182683,3.425900198083155,-11.760065521102554
2000-12-24,7.300981344359463,3.787450988180528,4.608538333645161,-11.922485982105348
2000-12-25,6.707349765013001,4.848495574511897,4.318699933189003,-11.061280962563611
2000-12-26,5.8038962221201595,4.703155589422827,3.668421133070478,-11.65759767508081
2000-12-27,6.450120643532597,4.002790269405737,5.2594096711277345,-12.345731428556165
2000-12-28,7.324435727745415,3.5988445838843104,5.274713995932919,-11.273778620301792
2000-12-29,6.224015781298448,3.4246028058408426,6.482450774047335,-10.813561547851926
2000-12-30,6.050077147494416,3.7287662749819224,6.174214781861264,-12.263322159138005
2000-12-31,8.033471130739608,2.9651608135558774,7.007641550309088,-12.927907477878259
2001-01-01,8.680206823504893,1.1971854608741386,8.063648455592542,-11.641237341117519
2001-01-02,9.693789840710116,0.31595779097645904,5.697101341065937,-9.645049291186874
2001-01-03,10.355240929768405,-0.7369453886329331,6.06411208193079,-9.395232014319836
2001-01-04,10.636549109354593,0.30846752899434904,5.146685539998607,-10.250271620298252
2001-01-05,10.558278610830763,-0.04336705108521216,4.3355809042074505,-8.85360975465349
2001-01-06,11.369085318010901,0.2764523622063066,4.948130120207473,-8.920797854167867
2001-01-07,11.180570975980801,-0.48183332906174287,3.6947502305907602,-8.366832837903235
2001-01-08,11.535762128603631,-0.41668726408182605,2.2738443941901063,-9.701056239036904
2001-01-09,12.041441740632512,-0.11746214537221644,3.31006407384585,-9.242815444093578
2001-01-10,10.656791320872893,-1.9309633276667062,3.1964976466006294,-9.30246323658393
2001-01-11,11.480161718871443,-1.5156197790588313,2.411653911363647,-7.785949066488899
2001-01-12,10.981518406109972,-1.5856925929850192,0.9181776864462103,-7.826858875767349
2001-01-13,11.959361082538566,-0.6768050456397116,1.2179075665917345,-8.075039834064663
2001-01-14,12.254283562300227,0.3662928902603021,1.8568056254342493,-8.738517704362296
2001-01-15,13.741707587408126,-0.266606906370914,0.8255046791909371,-8.78191138056553
2001-01-16,13.133804815434189,0.7101946560780532,0.6061870789004896,-9.348892091900998
2001-01-17,13.188937256642802,0.2537120152492077,-0.0888792796042478,-9.71642777546287
2001-01-18,13.274922429970392,-0.41547856428032337,1.5891102451012564,-10.646076527425091
2001-01-19,12.86071392772296,-1.140079218519757,-0.18346691232949808,-11.279295690965142
2001-01-20,12.613171340737342,-1.7238400494910588,-1.1071963578564876,-10.983564459241796
2001-01-21,13.070502503255797,-1.9482305922978531,-1.6887803606676965,-10.860320789638985
2001-01-22,13.246602262970981,-1.6806348650837373,-1.647192417043772,-11.975136821695159
2001-01-23,12.143320036614046,-2.2192967198099023,-0.3224954391553887,-11.17477747007669
2001-01-24,12.570921424869486,-0.05882713061188838,-0.27989414150484515,-12.23402931784362
2001-01-25,12.254539748144452,2.0255073361825637,-0.746744520362954,-12.975119814784895
2001-01-26,13.9641232810928,3.818590010973903,-2.163531417653221,-12.780342415360314
2001-01-27,15.098821322613503,3.9095495603803374,-1.0823723894646935,-12.449647996052603
2001-01-28,14.382903106363225,4.319673951626034,-2.01890671816175,-12.589890115445877
2001-01-29,15.598404038144926,6.431858350090355,-2.5114174154771813,-11.61591946768349
2001-01-30,15.285028469624041,5.265132194352057,-4.26865070680174,-12.753812695467214
2001-01-31,15.661850403562074,5.83160622923461,-3.501397111609964,-13.998322778254417
2001-02-01,15.046435683881375,5.3426511994499295,-4.455200958851508,-14.435024223108963
2001-02-02,15.656767626439434,7.182370060733975,-4.2518659823551594,-14.148552599216009
2001-02-03,14.594102007665427,5.1536942722154375,-2.8481225544932984,-12.479636431025481
2001-02-04,14.75702141423716,5.30969792281479,-3.163644814056786,-12.469315869854364
2001-02-05,13.544766310423556,5.688190198693905,-3.029181186209456,-11.993450956572037
2001-02-06,13.394529057414477,5.307893817900003,-0.9667201038539699,-12.189565423238527
2001-02-07,12.956983554135364,6.474823357745507,-0.32922618504479584,-12.659123584093038
2001-02-08,13.025788947870701,4.401253977480588,-1.3771750697842262,-13.932864701004178
2001-02-09,13.069040106190817,4.949231926155796,-0.7569296929625342,-12.621599190388533
2001-02-10,13.969175133214057,5.231542287693849,-0.5801885913537482,-12.585409075987616
2001-02-11,12.462248150792988,5.404124337961417,0.5971912121205246,-12.43610677065786
2001-02-12,12.832904303044618,4.740924066840901,-1.5266399765620862,-13.999137540674502
2001-02-13,13.545814551859536,5.852480487154797,-0.19141634400215812,-13.552938155231375
2001-02-14,14.060607670416243,5.296877698564988,-2.0037286289364644,-12.110954563664448
2001-02-15,16.052340579527385,4.405873284726203,-0.9635374488245265,-10.858980883769595
2001-02-16,15.72549172686272,2.0686881908487895,-1.8845288766843762,-9.146772767908606
2001-02-17,16.557272320923186,2.262836130940128,-1.106716085122911,-8.086024907709268
2001-02-18,16.67692455597931,2.3092853919846967,-0.1640800729522801,-8.909500679112899
2001-02-19,14.91917012321433,1.7717814409401589,1.0662388046139513,-8.436405892866443
2001-02-20,15.280601130820811,3.404216321026185,0.7053108395811569,-10.071260349696157
2001-02-21,13.768111091335589,3.450859347109982,-0.19438418770940358,-9.576927599463476
2001-02-22,13.481538368752974,2.280464661905901,-0.6545990788491415,-8.114377943991494
2001-02-23,14.052226016100988,2.1784315701973362,-0.06680091953017986,-6.649265144049881
2001-02-24,13.447656605716636,1.8294091913501034,-1.6114890081229092,-8.112153939780258
2001-02-25,12.634314109034973,0.7226830751893056,-3.1408454686771945,-8.968566856882212
2001-02-26,12.15225152444566,3.2374086129978226,-2.9498264042441606,-6.5915047520535825
2001-02-27,11.166441855350882,3.9160661783977466,-3.719543517412902,-5.887850033330677
2001-02-28,9.717454711466228,2.267505293096507,-3.0219741708995147,-4.854811389043831
2001-03-01,10.003997713421168,2.073988373705794,-4.303031410821507,-4.2899683812256875
2001-03-02,11.42763992075682,2.4857973154387696,-4.229594266625845,-3.940142529488627
2001-03-03,11.829036438648844,0.3326140667622637,-3.964930339150341,-3.7108683278538903
2001-03-04,11.025194210730309,0.33371778132111063,-4.637083243354038,-4.27838892664412
2001-03-05,12.626737402317076,-0.9173571142738005,-3.7044693310689962,-4.6780225162362505
2001-03-06,13.360217774816395,1.0605024364411224,-5.029776418904584,-3.1114843314791365
2001-03-07,13.965938037157088,0.8496967542065567,-4.685834183798969,-4.224973524566611
2001-03-08,16.49802917901741,1.4195600152784222,-5.586002067749237,-5.049561062626554
2001-03-09,17.242516220180256,1.6014440495188196,-3.959110218064321,-4.384504855826518
2001-03-10,16.326530630829645,3.6432141596632817,-3.0456317425901744,-4.560387097565632
2001-03-11,15.252584485613689,2.8181944935332277,-4.382572465556386,-2.787450928275462
2001-03-12,15.184977376901493,2.348381035075435,-3.8744701721575328,-2.5633453414102743
2001-03-13,14.654308914444606,2.264763567539849,-3.2580069914591983,-0.3601857379866047
2001-03-14,14.905521178598743,3.1023281574330435,-2.593065644504403,-0.09556520851620148
2001-03-15,14.470201936492984,3.0275194603092954,-4.06309411414056,0.22975660661981723
2001-03-16,14.06066439614016,2.346608482895281,-5.1118908791438225,0.18801389550644626
2001-03-17,14.429994760434068,1.8279214940920736,-4.358050245967086,-0.28143728057727563
2001-03-18,13.445481663917933,2.670787283958382,-6.608509983736136,-0.5938194043758844
2001-03-19,12.755209347234,2.3970759588513784,-6.810764261489407,-0.14792720808535043
2001-03-20,14.595952699724672,0.8856691998878687,-7.546222082269313,-1.7957219145169363
2001-03-21,14.905783655266578,0.8392782800294072,-8.995097751557974,-3.3028016712096284
2001-03-22,13.916119941451395,0.7748088955035405,-9.909947893519048,-4.896623584898953
2001-03-23,12.911844490677542,1.328113976010479,-9.94921518360931,-5.932952778123997
2001-03-24,12.925982116353907,2.952687013215173,-7.735774940782687,-6.808743490629839
2001-03-25,13.752818480318,3.9158926967136796,-8.352361263416592,-9.10483960707918
2001-03-26,13.271192131124954,6.44813359320537,-7.849813334130651,-9.44089320983328
2001-03-27,14.017164113415811,7.4949897479156595,-8.147495080089804,-9.59113313091962
2001-03-28,16.123825916310814,6.861567707223664,-8.597072380096565,-8.565915570291619
2001-03-29,15.290583089623697,4.015077106681053,-8.609303557658675,-10.158095098184702
2001-03-30,15.644795748151147,3.652504556450308,-9.054208311531319,-11.494669797941404
2001-03-31,17.531149862486753,3.195057713751002,-7.879979566885978,-12.0034708564464
2001-04-01,17.292353175908275,3.341069733898087,-6.1774266615556455,-11.568193271078474
2001-04-02,17.60554540768632,3.2752186285407525,-6.337185057374829,-10.399561584722234
2001-04-03,16.319979359343087,1.6624590143968192,-7.041003037967121,-8.967896965734784
2001-04-04,16.612885342539062,2.812518406433855,-6.736310391504688,-9.745623333761529
2001-04-05,15.91477740402872,2.189469497575018,-6.848128192947221,-10.587104545164344
2001-04-06,15.81377539769446,1.0969929632656097,-8.157685671288014,-11.05280084828317
2001-04-07,15.304363682411562,1.7641540165975007,-8.482966575818057,-11.874667657614218
2001-04-08,13.959938383752485,1.9593161700733204,-7.662819394963911,-11.375413729502123
2001-04-09,15.429968962592467,2.182473742932085,-5.907410676980494,-11.630723578100865
2001-04-10,16.473080475816605,2.4281380927794034,-5.0975832505453695,-11.853602261223273
2001-04-11,15.962761121546555,1.29458467506418,-7.522387865740007,-10.640075877483499
2001-04-12,15.403717176599253,1.1729147036757126,-7.330769374006501,-12.046862249265114
2001-04-13,15.737006279686474,-0.3050386031653374,-8.242159071598834,-12.101706530029363
2001-04-14,15.302838836008817,0.4261626528241905,-7.530621594247362,-11.431785172403066
2001-04-15,16.556676045203428,-1.638246271025464,-9.29662155282061,-11.498592349129781
2001-04-16,16.95831484606007,-0.9896772158957285,-9.493894086153558,-11.29759396606459
2001-04-17,17.39518864939093,-0.3073061696913476,-10.509504448837939,-12.02192331061387
2001-04-18,16.632551185454048,1.008950443873105,-10.716679580643689,-11.279813763876856
2001-04-19,17.200399707251897,-0.51919489072735,-10.539629133318513,-11.253230617711269
2001-04-20,18.159396002344764,0.5180169362375777,-9.414076976287824,-12.302643371885454
2001-04-21,17.867485470672985,1.7033111618952421,-8.97052558852961,-13.921205445533229
2001-04-22,17.27171868480406,2.21858341767237,-8.648083481320722,-14.815061333269943
2001-04-23,17.448774312026146,1.9356897162220272,-8.61975207154128,-15.100443863288188
2001-04-24,17.404984170427365,2.94914335794875,-7.847989281364363,-13.999571293672695
2001-04-25,18.489853182033787,3.784896308177788,-7.207091864546966,-12.282696523921299
2001-04-26,17.276750420249947,3.4516170138040563,-8.561917252785236,-13.342827038111846
2001-04-27,17.537899482998988,2.1647919408726013,-8.621291177896758,-13.273708667553741
2001-04-28,16.639222673392318,1.1300272597783168,-8.89168302212928,-13.73753489543195
2001-04-29,17.528680868496775,-0.10772278919787248,-9.536829700239121,-14.712011522518619
2001-04-30,17.396594260231357,-0.5751606912046225,-9.108538489852096,-15.343985349970296
2001-05-01,17.00743594797959,-2.2900514649549546,-8.557061040158683,-14.24201699343068
2001-05-02,16.307280775508257,-3.8869262568778997,-9.76343929702378,-14.274230684365433
2001-05-03,17.502905341271507,-3.679293307048334,-9.444984714244423,-12.91004467762531
2001-05-04,16.909222768587384,-2.7979716992219648,-9.464803969301013,-11.595137150259028
2001-05-05,17.070192154552135,-3.3853574350582623,-8.81443147586396,-12.64800180014002
2001-05-06,17.12370303771548,-0.3820933712054413,-8.512778807097284,-13.415235292145125
2001-05-07,17.768075929054294,-1.2285686254264792,-8.583273774329875,-13.090838621019712
2001-05-08,17.042825468692342,-1.2146688098196308,-9.30059961822087,-12.60728424773998
2001-05-09,17.258335815684422,-1.267147687385626,-8.70075418461599,-11.8034330442378
2001-05-10,17.07513733285264,0.20647000308189623,-7.999989421930386,-13.15874722595524
2001-05-11,16.17143446632412,-1.3472842852680624,-8.266047911922398,-10.821012691034532
2001-05-12,16.828564709758155,0.4022584899428572,-9.564470798235494,-10.279199335706712
2001-05-13,16.92563392753166,0.8804619337545281,-11.147462075084345,-10.846422766033214
2001-05-14,16.1417368332752,0.5451548720031949,-10.885704071422511,-11.792611241597108
2001-05-15,16.64638717160588,0.9666436026045273,-12.368210457004263,-11.704428040202393
2001-05-16,16.052146128063484,0.4269361421955813,-12.502269461396631,-12.001447278560581
2001-05-17,17.036998484963423,1.790010339190228,-10.773416815049181,-10.477903217732127
2001-05-18,16.505326620802244,2.378470666090663,-11.546879378704793,-10.185721153188856
2001-05-19,15.774964299968456,3.8286812356769104,-13.677360281985816,-10.742204216909826
2001-05-20,16.359891805133934,1.0027435838881802,-14.135830009405035,-12.085606653215411
2001-05-21,15.836759803935498,0.022026246983391617,-14.169140171709417,-11.489171417371306
2001-05-22,15.778870468745136,-0.66428156468775,-14.307445526750838,-12.238990079493345
2001-05-23,13.393340453012886,-0.5271723400401428,-12.977138946013044,-13.354598441548507
2001-05-24,12.098770635952365,-0.4840225299417607,-12.364951224341544,-13.305364467110213
2001-05-25,10.2768269634951,-0.13550610538958946,-11.39694270679423,-10.819236814165325
2001-05-26,10.355843787541364,2.3420567948520645,-9.741714179480098,-9.058854322778185
2001-05-27,10.184414535187088,1.0844144441539345,-8.89980798045231,-8.381284895707829
2001-05-28,9.31907482645106,-0.5347559447215018,-10.617601738584264,-10.084014658914505
2001-05-29,8.883170033993583,0.9750063666789646,-11.37265224681038,-11.704657608017769
2001-05-30,7.822043422284371,2.1542872809695486,-11.752636249665558,-12.740128557653833
2001-05-31,7.311830347604814,2.474277584789059,-12.108599329327044,-11.502103032390117
2001-06-01,5.295258438761856,5.1765673209211265,-12.426601038683291,-10.390635108474761
2001-06-02,4.410789452050017,4.160351351457072,-11.085148114790849,-10.489039333745636
2001-06-03,3.2479207579613316,4.479652452114061,-10.901215828620504,-9.945215744586648
2001-06-04,5.06686356374389,4.529988905685243,-10.572101977550226,-11.405143677697655
2001-06-05,4.708635588764556,4.382854523630132,-11.093727499282398,-11.014739636244666
2001-06-06,3.4705095261985335,5.769682822167425,-9.889568744936968,-9.610020227097262
2001-06-07,3.9953082066821763,4.6639567220223785,-9.48977762914887,-9.660814614630704
2001-06-08,3.18747179980186,4.229952296678696,-9.866981966404504,-10.473205591849664
2001-06-09,3.205872498603409,4.509251087369002,-9.505285587903288,-10.490994753507994
2001-06-10,2.8996461923233263,5.812392220718604,-8.646033387496244,-10.955446184173674
2001-06-11,4.569605112675888,7.231344867804513,-8.742475322798839,-12.564890052473807
2001-06-12,4.884168577732725,7.911097581472041,-8.355550674535834,-12.325115885807742
2001-06-13,6.223182283557343,8.373637069934404,-7.527423605635187,-12.311330219378764
2001-06-14,7.268660676863975,9.588134606296283,-7.740118280655369,-12.526919417002862
2001-06-15,9.147504359248515,8.992818442966298,-7.189156092532446,-12.352308309825073
2001-06-16,10.770846071873759,9.02187316439839,-5.106667147103117,-12.988445117160708
2001-06-17,11.717868510097327,7.6517306711132385,-5.648645111032129,-14.102546322206011
2001-06-18,11.215016047845689,6.288537500295966,-4.602848195867475,-14.617773372841073
2001-06-19,11.220885560057338,7.129245767913433,-2.7199209414995824,-14.756339378795207
2001-06-20,13.45076889519125,6.657085882345591,-2.5061066115360493,-14.76153433346105
2001-06-21,12.877291874186767,8.152785661376921,-2.649418742622423,-15.53795524129814
2001-06-22,15.024192212874176,8.951651394219516,-3.033045419351339,-14.990330200440852
2001-06-23,16.290094219120054,9.809565786752692,-2.8563797151804824,-13.042938172627794
2001-06-24,17.1806869669676,9.274003693585799,-2.5219757063849992,-13.389691224108148
2001-06-25,16.909060832551482,9.10589581206258,-2.115410312967526,-15.334930691996234
2001-06-26,17.516302646539433,9.185149999122137,-1.035803093276084,-15.07888481197548
2001-06-27,18.90391921950659,9.614487465304375,-0.8942119189264923,-14.056848150335624
2001-06-28,19.98526459677767,9.829982497673337,0.3516180949417649,-14.253470838800137
2001-06-29,19.431688618817223,10.53408194520997,0.7254899557196618,-13.405923183171554
2001-06-30,20.630081975699774,10.822947378646308,-0.2766645726322817,-13.626886194441298
2001-07-01,22.19410972896539,10.094128552243825,-0.6052152372883254,-13.787363063240212
2001-07-02,22.045593398536173,9.336884538696623,0.4805186032548806,-13.165464874070839
2001-07-03,21.10259618438853,9.192168661428106,0.16765592563907927,-12.280855473988622
2001-07-04,21.27842286524182,7.098974071181727,-1.0421303975978646,-11.656113683002863
2001-07-05,22.31404176154216,7.104215531118775,-1.3066293826841697,-11.068693677407476
2001-07-06,21.862743225530735,7.391618409912884,-1.0386971269735361,-10.21342549769531
2001-07-07,20.513014303376675,7.165798702079203,-0.17550304984651033,-11.306033338400983
2001-07-08,22.35713487352792,7.624878405782206,0.9688641512066,-11.114443426695928
2001-07-09,21.30358035294944,8.334306502559516,-0.2256040415595889,-13.76628777442225
2001-07-10,22.085242521548288,9.421125699539122,-0.5481668246582695,-13.73028918137692
2001-07-11,22.111586934543933,10.057889968958047,-0.22233126967170647,-13.911981635215618
2001-07-12,23.101946809100387,9.7178934543524,0.03645680020507125,-14.840669796336737
2001-07-13,21.757157958523575,10.244306784455317,-0.5429990672910695,-14.15051474804409
2001-07-14,22.831759891131867,11.223819677356962,-0.7178949758136498,-15.416069290841552
2001-07-15,22.166145255968907,10.957867727970152,-1.7564009731447814,-16.600000789163648
2001-07-16,21.785831318112947,11.209290745308678,-0.7004690736226908,-16.462348130353476
2001-07-17,20.861449099769544,9.665869912125292,-0.8579610749753872,-15.45547211591123
2001-07-18,20.030216566740908,9.32323218485277,1.6050731535370475,-15.97883433836871
2001-07-19,19.849648689487022,8.089175492983996,1.0513705978146095,-15.808318926350353
2001-07-20,19.64070168751808,9.381224347790251,2.0011274181472656,-15.775253199982679
2001-07-21,17.515069724325556,10.856045679260529,2.797273799221407,-16.163163809166594
2001-07-22,18.098723904216474,12.174907702640175,1.783750291410044,-15.710357482706685
2001-07-23,19.48679436024172,10.87573847301904,0.9049161935922134,-15.601258823545102
2001-07-24,19.287288248010398,10.218842004083806,3.0285487653893806,-16.189477520706987
2001-07-25,19.517643812552183,11.032845264212273,3.2591669554104414,-16.64029703334724
2001-07-26,18.447654120331407,11.286636591517082,3.4129898146190993,-15.564735157472812
2001-07-27,18.941608046392577,10.250293281540923,4.537349964582902,-15.655526876283599
2001-07-28,18.58673561782769,9.424807099105985,6.0668475923966465,-14.249341046994644
2001-07-29,17.543222132002903,9.508153853692088,5.418897133192522,-13.537342063029293
2001-07-30,17.807118912474234,10.08233161930478,5.635181274630358,-11.991577278736676
2001-07-31,16.06033438408109,11.969250725083104,6.6916171606488,-10.662198399114539
2001-08-01,17.311894154732382,12.360479044224084,6.164822588005855,-12.354270962827151
2001-08-02,18.344086724088857,12.190240603233976,6.964858375821458,-11.496923554683685
2001-08-03,18.80290434022908,14.2054040008604,8.22623227539924,-11.728281100611209
2001-08-04,18.65591877135673,12.145427743975333,9.508924008042245,-9.951801434073777
2001-08-05,18.841656926270552,11.224819533831427,8.423632005501815,-8.521523334351894
2001-08-06,18.207051106999323,11.500123970176023,8.66051466936873,-8.112524117226279
2001-08-07,18.27029355632829,10.390589533310044,10.355867728719744,-9.520530649951617
2001-08-08,19.6335736108851,10.333823979370477,10.630065877658257,-10.143771084885852
2001-08-09,19.148551024125446,11.195799725846756,10.810876711799239,-10.212581824798324
2001-08-10,20.63434063344609,11.38965754037178,13.749663899241094,-11.065648496408363
2001-08-11,20.14858887506872,10.725845417007221,12.48668014898332,-11.773766621502924
2001-08-12,19.16932421288219,9.198885911985831,12.04967886686094,-10.586054554789051
2001-08-13,19.65596715506163,9.697840323071247,13.309438652399201,-11.406339616629563
2001-08-14,21.401278186375222,9.987131983562556,12.777424994288078,-11.44735188018711
2001-08-15,22.762331994261594,9.870346846631564,11.662488204118866,-12.723055832904965
2001-08-16,22.734516587447487,10.140702074109944,11.073680934219993,-12.526567375303545
2001-08-17,20.11551368256887,10.241877867431938,9.953553073454373,-12.372414873534053
2001-08-18,20.377806894085715,11.887102501300596,9.532970317994625,-12.999082973836654
2001-08-19,21.098664350985636,11.783772296695375,8.756489619153303,-12.078380065084279
2001-08-20,22.07842844888972,11.82465285699651,8.020441880306418,-12.66764220229474
2001-08-21,20.682902220481672,13.240621261824705,8.76023767345655,-12.72487325526582
2001-08-22,21.484268166486544,14.017165630199166,9.030154143323324,-11.676191416637485
2001-08-23,20.746640339005673,15.012390618159692,9.683338296157142,-12.23778407553263
2001-08-24,22.03219724002154,15.48739217239047,10.712174526026365,-12.641554320812686
2001-08-25,22.489334754550864,15.070907569838422,11.926134181102938,-12.548268902951103
2001-08-26,23.27330329315198,14.823969041335387,11.961995907340619,-12.923415866536596
2001-08-27,22.49366401586473,14.796086079558169,11.112095367129452,-12.749395105344032
2001-08-28,21.944233474309634,15.934608442760798,11.251503917881067,-13.929778372860364
2001-08-29,22.403623052755833,15.33242269888365,10.638203121777432,-15.313585638957967
2001-08-30,23.658692415457377,14.680970752522416,11.8164869298777,-14.900954818715075
2001-08-31,23.479082330428003,16.050390119930974,11.888025033759826,-12.836689531060571
2001-09-01,22.771915335514368,17.190231143389326,12.58873676302214,-13.546267273864474
2001-09-02,23.17743211264616,17.899064950172658,13.518050795526424,-12.968306500609403
2001-09-03,25.03353066787163,17.617153038639284,16.101261853115552,-14.073849439499542
2001-09-04,22.38861939414178,17.591919685716658,18.0808828642626,-14.125599939617315
2001-09-05,23.915829687850888,16.94326382704996,18.465525409185815,-15.470279874660784
2001-09-06,23.85467000030487,17.84226170283512,19.1985455020263,-15.954627496541038
2001-09-07,25.522595822893997,18.58905305622326,21.457132776053374,-14.568649388991364
2001-09-08,24.843995195818565,19.66137125545287,20.775162700900168,-14.941359823529039
2001-09-09,24.884359149456785,18.97851457938452,20.84403822360096,-14.19434343656912
2001-09-10,25.33271359380668,19.19017131502901,20.11280055314832,-14.162372314289543
2001-09-11,24.654392110597833,19.391020986403802,21.157899628668904,-15.128157930414027
2001-09-12,24.498210628011787,19.155685850970183,20.884612227225453,-15.597057987285654
2001-09-13,22.7604170357111,17.894865094616012,19.643651668414005,-15.913551750429948
2001-09-14,24.976679417346812,17.357837208501465,18.249227483029365,-16.848932634685504
2001-09-15,23.723725946421332,16.233461384105812,19.45308460886648,-17.6108853415625
2001-09-16,24.79653859218284,15.682092959465438,18.3716215340456,-17.666356830436943
2001-09-17,25.32917021695415,16.114297306529345,18.976468162577607,-17.51491049478768
2001-09-18,24.570144491874466,15.184701023218791,18.24482607930228,-17.30148608067535
2001-09-19,25.78508975526271,15.747038040695974,18.589060096198885,-14.665357912869815
2001-09-20,24.756555564222573,14.684563913214799,20.45100512438606,-13.830272870441279
2001-09-21,24.232659730119693,14.99905656926765,19.777284801271126,-13.802191793281093
2001-09-22,22.587467086478753,17.244051376596385,18.79566531873499,-13.885064525419102
2001-09-23,23.26415819952507,17.881340327013152,19.206510714580617,-13.151317677276936
2001-09-24,25.201658605899425,18.850280303096834,19.492485683164485,-14.005402650560944
2001-09-25,23.29966591042378,19.36301315291996,19.920997351850854,-12.41375635128543
2001-09-26,21.97924349196288,19.180357717500552,20.476219992063918,-14.550956083231924
2001-09-27,22.914601833327232,16.924146797701376,20.36230156970929,-15.662373783705508
2001-09-28,23.45716183441993,16.904207887697506,20.180957579550245,-15.796551208473598
2001-09-29,25.1377952191374,16.816306952187865,21.47755649852478,-16.02376362933351
2001-09-30,26.05971570554099,16.781545687510228,21.21381374715895,-14.29270090248616
2001-10-01,26.8313881656825,16.501548511739067,19.773867873891678,-14.140254733282916
2001-10-02,29.40613764619599,17.16875633571207,20.907130341490607,-14.92523361023561
2001-10-03,32.11598801017538,17.798824995634817,20.387069780514295,-14.718880526117989
2001-10-04,31.405098819732743,18.489092918489185,19.401380870837553,-14.711790589768686
2001-10-05,30.57013482899761,19.917022642680593,19.202064445783893,-13.980799192561989
2001-10-06,30.80210025153715,19.345776636243098,19.654413042739908,-13.584892723118768
2001-10-07,28.541638853038105,21.242027734376826,22.71056814496364,-13.06545796916866
2001-10-08,28.0707783187725,21.661684969059856,22.213533980376624,-11.451422428848353
2001-10-09,28.555762117315204,22.623862652794305,22.534693438962563,-9.665454159299614
2001-10-10,27.192782329699757,21.405607338800866,22.97027042354516,-9.306226063238018
2001-10-11,26.801841784330186,20.948343102437512,21.829516333785993,-8.595567524046963
2001-10-12,26.37291158756637,18.900199980882675,19.580309224952934,-7.6083119460499535
2001-10-13,25.828344509237947,19.057859632192596,20.803665936043906,-8.38498761354233
2001-10-14,27.062112673706597,20.263506484471034,22.170754213687285,-8.395323132873985
2001-10-15,27.296702599873996,21.177694530688782,23.83192412023926,-7.044556439964394
2001-10-16,25.456872674954624,21.00705758085194,21.472806487315896,-6.567506981637489
2001-10-17,25.294442718278315,21.114716267357448,21.250104761914127,-6.7254706329868155
2001-10-18,23.20222037107028,20.4236650063983,23.417557004702026,-6.168800590190981
2001-10-19,23.556594945739548,20.525812313060015,22.989535813979263,-6.049502063721403
2001-10-20,24.584685643575384,18.530478656236344,23.135164989259845,-7.734240954332657
2001-10-21,24.992149213930453,18.199434678766277,23.80201403561458,-7.947947721086998
2001-10-22,24.98191841466728,18.704803653007293,24.876667759353552,-7.65036452893266
2001-10-23,24.977754100915437,17.969930654808024,24.38911021854579,-7.963664515960197
2001-10-24,24.425929171492804,16.50418236470518,24.582062687369483,-7.319377317489646
2001-10-25,21.985527119789722,17.302373959255995,25.422872284729905,-7.909973926548951
2001-10-26,21.838316059181768,17.152199045153825,25.27091807967243,-7.281291905997667
2001-10-27,21.97098960571154,17.33860727013519,27.5052457818569,-6.9131955084457175
2001-10-28,21.221870114336095,17.339974067642753,26.84642818461365,-6.439179798600513
2001-10-29,22.530381410128477,17.316220394508775,26.930141614417977,-6.765933752631552
2001-10-30,22.68278563484647,18.451125869759167,27.17731353115783,-7.434587675334554
2001-10-31,23.163134965865822,19.16535935136085,26.04884697626847,-7.329481736075639
2001-11-01,22.959065548835294,18.541626121826525,25.24940957764785,-7.646963260255467
2001-11-02,24.36540682513784,21.528938021705958,23.820084210489483,-7.1407159474065605
2001-11-03,24.257186929672446,21.438401431244568,22.189138767279676,-6.507057984246571
2001-11-04,25.679047840111696,21.492053162776457,21.25240280052716,-4.61827318089308
2001-11-05,23.302958356003614,21.239320564522163,21.882909096097624,-5.663672929785567
2001-11-06,22.956702352878835,22.433451303491488,23.61701509807007,-6.168090165557218
2001-11-07,22.90982094617573,23.11046719252491,23.776605802669664,-6.13742506400151
2001-11-08,21.98392919952007,21.94594971071053,22.864430301486006,-6.7619460860302745
2001-11-09,22.711800186780057,22.472464412814766,22.646919563743314,-9.246487732294298
2001-11-10,22.08714121061445,21.68838906570376,22.789371016101004,-9.303586834166307
2001-11-11,21.108149824358755,21.11263097079686,22.501910526175703,-8.373218322004586
2001-11-12,20.54913612806909,22.345846003900597,21.865930819761303,-9.249312537142856
2001-11-13,21.28021174076516,22.941534457410786,20.6350832914896,-9.673584604192875
2001-11-14,21.4069504469198,22.278787276199505,21.31249054765388,-10.039958300070419
2001-11-15,22.366833654425367,23.29449284222899,20.483702162502897,-11.335806996789866
2001-11-16,22.16373979549925,22.22984648127746,20.809615868206706,-10.230879375611096
2001-11-17,22.030170526492284,19.56052656661267,20.20058290945391,-8.731904271037262
2001-11-18,21.292501995016874,20.87173704194638,18.905049962925673,-8.017886988432613
2001-11-19,22.735418568813685,19.711517005213384,20.468430844092712,-10.054057844966811
2001-11-20,24.243859143982316,19.88670538422458,19.77231644708152,-11.006280834598748
2001-11-21,22.724755953154713,20.063003405671854,19.2172126407472,-12.569457140113165
2001-11-22,24.4913703719817,19.136225183823477,18.797684027970575,-14.417330887574606
2001-11-23,23.9747824029118,20.138032690759257,18.85876912627039,-13.525659909763375
2001-11-24,25.03644056008313,20.46658095837914,18.554834250180846,-12.150620553361215
2001-11-25,26.295036247466264,18.67941947797986,19.661390824735246,-13.541666748388085
2001-11-26,26.097161129821657,17.84449391042469,19.56358178274049,-12.842919013366762
2001-11-27,27.147487412379455,18.709380402089145,17.95429142153674,-11.75481011170201
2001-11-28,26.42024921643245,19.27537262180938,19.426210320533198,-12.531142089838497
2001-11-29,28.09977274592258,19.414176606980664,18.515775925334637,-11.324985861202064
2001-11-30,27.140002426972742,19.913704424339123,18.067993954734405,-12.936517877137655
2001-12-01,27.62247279701734,20.064878153332366,17.83068514574694,-12.869578657675603
2001-12-02,27.474965294994874,19.485605266097174,17.376696122353216,-12.172724084535545
2001-12-03,26.169636487296092,20.614454150294602,18.479138575468742,-13.826144971892337
2001-12-04,25.911412649377077,21.813986024803217,19.97672527639065,-13.572749557078476
2001-12-05,25.271949791386,22.356254403266952,19.252895106668387,-14.589203645927109
2001-12-06,25.09399629477437,22.72471045925064,19.73413694501988,-13.983916189020931
2001-12-07,25.008863365178623,24.14457369020044,18.381984276271577,-14.623923283447814
2001-12-08,24.05437266208819,23.93710408302818,20.39925099508933,-16.458440721548683
2001-12-09,25.35665362066519,23.783493813771074,18.916560343021413,-16.793235242946363
2001-12-10,24.495565177401847,24.90217542274711,21.4903457554381,-18.680911623889493
2001-12-11,24.234216907436018,25.977977351365958,20.556469118360496,-18.56161236847806
2001-12-12,23.806245516914547,24.96475068860603,20.62444126309708,-19.420853399197455
2001-12-13,23.445650627390922,23.400864155504934,22.963208520138984,-19.213567768521624
2001-12-14,24.36838070797967,23.799183113396033,23.255385070398777,-18.441744947219117
2001-12-15,25.47928599812433,24.889221222613912,23.926468857753218,-19.820479392018015
2001-12-16,25.061762131532536,25.80675958100544,24.040400298669855,-20.895357798504854
2001-12-17,25.421136918709202,24.063565684818222,23.48723838656811,-22.444603861646858
2001-12-18,25.4808952986824,24.94587763822763,23.70493491980486,-21.281349167347585
2001-12-19,24.03794432073903,23.943735583082248,23.73144098062378,-21.886665616606827
2001-12-20,24.97301898768439,26.199978542605866,22.67011083355233,-22.191372581814615
2001-12-21,23.563075330361542,27.12231977373765,22.990692414996396,-22.85792503218172
2001-12-22,27.13950417771351,27.03119264917013,23.819095901904458,-23.059178420269618
2001-12-23,26.294404787235916,26.3432415028922,21.680070654857758,-23.56715853317204
2001-12-24,27.49329146806932,25.88702180404448,22.914187818084383,-24.384038881645683
2001-12-25,26.368500938918242,24.030410730795786,23.492865060633868,-23.80862608678197
2001-12-26,26.761427071062798,22.926231347245533,24.17092753158919,-25.526818832544674
2001-12-27,26.258115953299498,23.196307770651476,25.184321789469088,-23.679363868960902
2001-12-28,25.321267040219333,23.265214499880194,24.7906790839813,-24.903582602188273
2001-12-29,26.535076740226774,23.109728913866793,23.97941048089016,-25.081700637430497
2001-12-30,26.122864866591605,22.253217824093777,24.752657962875187,-23.91865204426578
2001-12-31,25.389711017019867,20.498141747607903,23.492297390192935,-24.087686956476173
2002-01-01,25.37217661682974,20.284892637862505,23.17197696134242,-24.619035277762983
2002-01-02,25.22367838018279,19.197783016284312,23.985747941652658,-25.00604089594499
2002-01-03,24.430094353925302,18.912766662883786,24.11473786280015,-25.151831697491723
2002-01-04,26.1608717692144,17.984081283589973,25.68063730984346,-23.515526883226844
2002-01-05,26.539953348816937,19.662094543256792,24.76664651056471,-22.616103599530252
2002-01-06,25.760622193819664,19.6712401793107,25.05544943914407,-22.85860928063626
2002-01-07,26.961756147888213,20.628660606961727,25.30542738589267,-22.463221063187788
2002-01-08,25.84984519607864,21.696850102930213,25.86903771457297,-21.979946058739976
2002-01-09,25.26093767687926,21.682992784583952,25.892758805464876,-20.937296650545118
2002-01-10,26.584990333667022,22.005904601199074,24.81522761222397,-20.83629169788961
2002-01-11,28.53226588106678,23.407905651153463,24.722783115825354,-21.54219597973855
2002-01-12,29.891011245351677,23.17105024128277,24.754902944428853,-21.139174286727343
2002-01-13,29.36896971504903,24.36553113778644,26.254651595683924,-19.455444630351515
2002-01-14,28.64048998209762,25.452202400227467,27.809209347381998,-19.872076549661024
2002-01-15,28.940524854908183,26.614056462818446,29.12492179608314,-19.016573602518147
2002-01-16,29.349712917973406,26.4814531679195,29.198380839640738,-20.447946422148355
2002-01-17,30.35580264751029,28.017715777690523,29.30958446578433,-20.514380462849154
2002-01-18,30.746757365549104,26.819420155172107,30.11774673250256,-19.498471799821445
2002-01-19,29.99547674648782,26.944574883217236,30.818068965367413,-20.20502935227962
2002-01-20,29.736782617119363,27.004746560461083,30.28498833987947,-19.26008251785448
2002-01-21,29.58425218170479,28.284993180753876,31.653265974171713,-18.019394217810287
2002-01-22,29.217851578984888,27.612043289136203,31.19921402101594,-17.172432332368228
2002-01-23,29.381469897688667,28.197667312548816,30.631858919816285,-15.994764862217059
2002-01-24,28.803869124182523,27.92430906598854,30.85221754582585,-14.291144587332626
2002-01-25,29.227429607364016,25.935553784500748,31.53374839901835,-14.133136478373588
2002-01-26,27.31707905321145,26.805356388530992,29.73329125249151,-11.809656722721535
2002-01-27,28.38077639291626,26.244030021663722,29.816051236673076,-12.535057052056342
2002-01-28,29.211348321475434,26.555206776434794,27.620141423267313,-12.708456420598264
2002-01-29,29.53151470762872,26.651446700060195,26.53323451500963,-13.913645506969777
2002-01-30,29.58430430245149,27.245392550409846,26.964884312948296,-13.196549636028179
2002-01-31,30.54010763454606,26.195950400297964,27.82595626902593,-12.265773085569947
2002-02-01,31.21861604129443,26.108154237036537,26.446697777553776,-11.642151272473567
2002-02-02,30.95024357543237,27.490557584022557,25.03681632128323,-12.270532717636776
2002-02-03,30.73155420001596,26.207960137918473,23.147464725377127,-14.30167156650344
2002-02-04,29.58215102412475,26.68133394862751,23.002058850986558,-14.607911879076784
2002-02-05,28.43266691206542,26.558814157294517,22.410227419536184,-16.349686115562616
2002-02-06,29.05554408246809,26.252269532421685,24.427285430656585,-16.83594301333304
2002-02-07,30.003186790487963,26.84605597125493,26.296845898388742,-16.04565070116462
2002-02-08,30.47469170394356,27.007617011194785,25.9251240616976,-16.785400852405527
2002-02-09,29.73367834706363,28.313489016586185,25.229348976197645,-16.6781165757967
2002-02-10,31.711084298353178,28.168985403137064,25.16223643743764,-15.453768718203296
2002-02-11,30.972118607302924,27.403308121396623,24.814495921704438,-17.179254734986344
2002-02-12,31.673359977651504,27.006359950395456,25.153969753001984,-16.54731962769978
2002-02-13,32.467500085992,28.644511546992472,25.4776773345188,-14.932856654668353
2002-02-14,32.295313135597,28.407275930239848,25.727544221967733,-14.060694019805585
2002-02-15,32.115050961646496,26.667475321480367,24.968109105598433,-13.950950266283987
2002-02-16,31.8428767288239,26.705280866726987,25.755429936375815,-15.107492808045766
2002-02-17,29.995991353144635,25.922368707092282,24.77582119003656,-16.404086104241085
2002-02-18,31.458855752486954,23.89167947402578,23.509998973103865,-16.879611092437433
2002-02-19,31.355353013313184,24.411070134437786,24.0642617124132,-15.269182190838718
2002-02-20,30.880831483102337,23.168127771400528,21.85274700622617,-18.06633963419995
2002-02-21,29.787498606063014,22.189025649338095,20.920783744078772,-18.37179990984978
2002-02-22,29.43693920266802,22.82966197795608,22.198623348119668,-17.185198894823746
2002-02-23,27.53172128006509,23.91580309399064,21.917730651428236,-17.84736545815971
2002-02-24,27.211092590444586,23.909989630002954,21.654595188398783,-17.89041083351504
2002-02-25,27.754986051298108,24.640079169118266,21.803781532894845,-18.160163428636178
2002-02-26,26.50120596083741,24.37154258994187,21.397139779372118,-19.932455523562943
2002-02-27,26.000509762316774,25.223802308581636,20.931949182180144,-20.724626579371844
2002-02-28,25.179664735653628,24.65267381022918,20.112322325350355,-21.271635170382787
2002-03-01,25.690863953542873,24.586776524567423,21.048859505500808,-21.817030164486905
2002-03-02,24.76268692362638,24.33432985093951,20.909212658744877,-21.836002503190333
2002-03-03,25.221418640153434,24.32509557432052,19.46343452404203,-21.981951754380404
2002-03-04,24.67258621187453,24.722526302709664,20.02498441101931,-22.35071348837148
2002-03-05,24.162466887937395,25.735195862945243,19.68568717690522,-22.91920856286071
2002-03-06,24.087912659627058,24.907982583076016,19.976709005599993,-22.91257945228708
2002-03-07,22.22902435992723,24.02036606538416,22.10672227879173,-23.072312249191796
2002-03-08,22.61871429333419,23.24591241495074,22.52580451510248,-23.628086653425477
2002-03-09,22.947957746381615,23.911700521087106,22.851233428440388,-24.047322138998908
2002-03-10,21.220934409202158,24.259594720768654,22.918819793571377,-24.042913952952865
2002-03-11,22.55594236225791,25.185056819088185,23.374949299607994,-24.040092995934913
2002-03-12,23.57879746081413,25.08622157094004,23.339022369638293,-22.329468147083404
2002-03-13,23.725479132894705,25.228181336756318,24.291268061420038,-22.888790882683576
2002-03-14,24.298686443104646,25.004243140602433,26.097479726841296,-21.490590615150822
2002-03-15,23.46226458588025,25.572718595387716,26.978073128296774,-21.78431018118114
2002-03-16,24.997537951860643,25.864841562350783,28.200633238523707,-21.978660020682906
2002-03-17,23.601345526708133,25.43112098385844,28.240514341524154,-23.04719557613347
2002-03-18,22.992623047625372,25.13599731865444,28.110801236313122,-22.54121800938032
2002-03-19,21.626337492694603,25.664017530772234,29.116661932024932,-23.18261684421797
2002-03-20,21.621517664211332,24.86814134281173,27.964843526573283,-24.495063062258204
2002-03-21,22.71430862731118,25.12815404496462,28.341470848328868,-25.8755439241613
2002-03-22,24.151083349380173,23.579358622992086,28.27499685040837,-27.022111664707648
2002-03-23,25.324281220446686,23.65947721825564,28.881038630188613,-29.034952280444028
2002-03-24,25.551104852879067,22.930408338142403,29.30001282790692,-29.85894033278122
2002-03-25,25.267351866151113,22.86157393434297,28.583961194261967,-30.061741174276907
2002-03-26,26.166560859035954,22.310189995725306,28.65210620105614,-31.168082255373047
2002-03-27,26.018050782787846,22.841382785197474,28.757657049705053,-32.02466651785939
2002-03-28,25.405372036597296,24.101871758517746,28.780699622662322,-33.28421076759944
2002-03-29,24.95530505379617,23.09920764764165,30.11396215337496,-34.71792078673991
2002-03-30,24.652690059303485,24.435904892707697,29.979893222953706,-34.15670060512786
2002-03-31,21.328161036616905,24.122745116473833,29.644116851978758,-34.03045475618754
2002-04-01,20.313783518009853,22.18262814180406,30.736449691394355,-34.026964889798904
2002-04-02,19.867587983032063,21.188062542837777,28.705132752006218,-35.009612949141854
2002-04-03,21.836345641370492,21.434759971549333,28.810178910184934,-34.030986302290025
2002-04-04,22.21858837430117,20.793945033542492,29.631886164338475,-34.45465151954801
2002-04-05,21.03158042866729,20.05935780667285,28.504716152391396,-32.08766217764632
2002-04-06,21.05042555966944,19.222706056601155,27.952622251626543,-33.2112071912201
2002-04-07,21.247739426481328,20.16580034194182,27.260150873776464,-34.40488096996472
2002-04-08,22.679006168706312,20.477353001664735,27.490394774838244,-34.829427809102306
2002-04-09,21.222990077434872,19.282083430337508,27.05249914112953,-36.423791672798984
2002-04-10,20.357308431419092,20.707302754238867,27.233022267163125,-35.35901316499627
2002-04-11,19.751957099000652,19.401497434738477,26.756595629700044,-36.3492628317605
2002-04-12,19.43301471723256,19.89616955714021,27.540483487627636,-37.4987374633234
2002-04-13,18.055742829684483,20.38367517379428,28.8648033537305,-37.06836255770014
2002-04-14,17.447928249103168,19.61910613732171,30.68970360041172,-36.401274807975966
2002-04-15,16.71709751639422,18.424378191988396,29.220888600011577,-37.22626333646932
2002-04-16,17.405027268358868,18.21362488727299,28.837667279755372,-37.568150709633144
2002-04-17,18.091574081063058,17.73545025367666,29.41849818131068,-36.717910350084296
2002-04-18,20.432087324036157,16.629205706286783,28.80291889611586,-36.755447234435145
2002-04-19,20.95904549091839,16.087795928532252,29.2788791143315,-36.1651902884463
2002-04-20,20.7067958760673,15.834097253718825,29.082856681024303,-35.8014263207424
2002-04-21,18.956821765527916,18.18586125008364,30.46505509493466,-35.849382281798135
2002-04-22,20.242692015009776,17.60789078856432,28.451391302482392,-36.02529257785214
2002-04-23,20.023156351776258,20.330679607766577,27.24173741568327,-35.901729535573196
2002-04-24,20.45007405230892,21.790544853876,28.60523921361145,-35.166019861037185
2002-04-25,18.547644127501943,22.42669753550901,28.643731901557896,-34.880271586985515
2002-04-26,20.379982244442914,24.611848065833033,28.540399664464218,-35.90923909437829
2002-04-27,18.52354212759456,23.963799386324013,26.49523941853913,-38.0136731401893
2002-04-28,17.94580907604538,22.327500832540334,25.360336497534785,-36.90385300751269
2002-04-29,18.365320059942288,23.08882195571733,25.93186616249752,-35.85298780248124
2002-04-30,18.304034309959942,23.90214244655737,25.773795152742245,-36.07171844299089
2002-05-01,17.871155431763942,23.78760051494492,24.67776316542891,-35.58131282567548
2002-05-02,17.047198018144247,24.589125198702792,23.25619681366143,-35.43370906495212
2002-05-03,17.12730088145088,22.67996015402077,22.31265308438389,-36.474829760434034
2002-05-04,17.578919430843328,22.446317196093403,22.567260455842028,-36.967662838332046
2002-05-05,18.55749888967439,20.806686526046434,21.606348980551537,-37.8967132386883
2002-05-06,17.84122450688752,22.152254791440527,21.63860110319886,-37.47087408359497
2002-05-07,17.70708897392747,23.01299870588016,21.333753728941247,-38.91804757616562
2002-05-08,16.550875562888766,24.067174840029804,21.632094471296213,-38.97249962775057
2002-05-09,17.458775384565744,26.214761115417815,23.34259713087111,-38.9570104843935
2002-05-10,17.982043673930317,25.70455011164692,23.023044143350464,-38.584369233728516
2002-05-11,18.421700647571587,25.678217078201147,23.381944006704284,-38.53308958365753
2002-05-12,17.832134970953057,26.437682773137013,23.174912791026976,-40.985229329702314
2002-05-13,17.201244747724576,25.34879915612964,22.750900667254083,-40.90662554097082
2002-05-14,17.02354448921091,25.003549054631637,23.14725772082771,-41.26690577460116
2002-05-15,17.631143330962495,24.265694412088337,22.21773473937854,-41.06938854198482
2002-05-16,20.50447177230345,23.753879597468533,23.920323396153396,-41.16356958420994
2002-05-17,21.351876158385245,23.361677024097666,24.106683488609974,-42.64615294189088
2002-05-18,21.55727701937705,24.56807930416963,23.8968617894788,-41.88888281615803
2002-05-19,22.735876695514058,24.461514000874175,22.822365123859942,-41.585643057618746
2002-05-20,23.622782945232967,24.179083973796203,21.01169609635996,-39.995927609026474
2002-05-21,22.451058017548203,27.188194764027624,19.97673400844041,-39.01735149705273
2002-05-22,21.88975209567464,28.181095779955907,19.90081535144707,-38.48938303125399
2002-05-23,22.7059251075233,27.16703163223367,18.823431831681603,-40.25114525774953
2002-05-24,23.93787588501909,27.004905132638157,17.361665955333574,-40.34219625249798
2002-05-25,22.433079562943853,25.944641566988114,17.309113971388943,-38.47891178423657
2002-05-26,22.078436537374177,26.12868136203131,17.525912008832808,-34.65305189658685
2002-05-27,22.200507245355144,24.738535486249898,17.154483511747067,-33.97642095430739
2002-05-28,21.43595024401793,23.133987511103125,16.145522670381435,-33.21970470714125
2002-05-29,20.722502052737912,21.447985939910847,17.249661074698516,-34.3048412923678
2002-05-30,22.236524935256355,20.78281752055807,19.59300418965727,-34.12200023226617
2002-05-31,22.054830489625587,19.735096460992967,18.77241390624583,-34.20951715761881
2002-06-01,23.36022580814596,19.111981550518024,17.577162402190815,-34.78636806469307
2002-06-02,21.195779760618745,19.555615563507683,17.96270634985181,-35.34784601545831
2002-06-03,21.990741809298683,20.136511401495092,16.790944558086718,-35.165135689198195
2002-06-04,22.33185466098093,20.06691327303546,17.640772094003236,-36.09533796394808
2002-06-05,21.102580292980164,21.493850717598995,17.481573428480264,-36.68838033720056
2002-06-06,19.35380257579238,20.924788852511472,18.58803464798278,-38.84348921235935
2002-06-07,21.08028960980343,20.100552756121164,19.67942809644741,-40.06494889452549
2002-06-08,19.100595967015646,18.06369338216334,18.665585372951305,-40.299587078938316
2002-06-09,18.978233003529052,17.12621917148295,18.30756865583114,-43.60038990491043
2002-06-10,19.3457251897645,16.168400951645566,18.94502854369681,-41.99797445033446
2002-06-11,20.00485111282805,15.034100522668474,19.73381925007026,-42.81792174510036
2002-06-12,19.673475092380276,15.056369971231373,19.015089780164992,-44.33446062084564
2002-06-13,18.634941432374482,14.021653211640679,21.18059605318998,-45.023677778741295
2002-06-14,18.11157396371939,13.067576630535136,21.89003525619812,-45.17760097267648
2002-06-15,17.127867696388883,14.405478187415863,20.507408618509253,-43.74194884608303
2002-06-16,18.83138988289889,13.191728798074333,20.6164042109125,-44.225678386170145
2002-06-17,20.269949907847412,12.089138812845858,20.96804437229404,-45.39354395600834
2002-06-18,19.554207406838422,11.77416389164285,21.28482975491447,-46.9299680473305
2002-06-19,20.55286167178864,12.45764575091168,21.26902412894267,-48.85668613673057
2002-06-20,20.710285658386052,14.436576761445684,19.833927300559267,-48.058096240907155
2002-06-21,21.292262756336854,13.441539191174991,20.246824408748274,-49.50020717218938
2002-06-22,18.991439589064345,14.325439252605227,20.22948136254989,-50.322775524694656
2002-06-23,21.370274964607415,14.934116171921454,20.14443040699023,-51.27972235381042
2002-06-24,20.432127553650535,14.00486923167746,19.954116198088897,-50.32678664244227
2002-06-25,22.937756604777608,13.972547283819166,19.127896226621523,-50.55371714106254
2002-06-26,21.254362219174205,13.378557587451422,16.763524286830076,-50.92720496922373
2002-06-27,19.889132751044315,12.404267767391122,15.980694802435048,-50.81948937116929
2002-06-28,19.037731841600483,12.000630285957293,17.156448954344437,-50.82654446478547
2002-06-29,20.38379075115175,11.402207440257891,16.82757312523488,-50.79696489684873
2002-06-30,20.410745003066484,11.421036780414575,18.513252060190215,-50.11854023272795
2002-07-01,18.88484745609263,12.679011982754558,17.74541942656949,-51.95761444875245
2002-07-02,17.580184260907036,12.962030168741911,16.247227366018244,-50.70918700607795
2002-07-03,18.312059233527883,10.698762031527068,15.559835661458733,-49.93286040025803
2002-07-04,18.51441939627499,11.828175979190593,12.735931709645634,-49.612408119344465
2002-07-05,18.131547880549448,11.132911252212818,10.947949682994597,-50.08620710283062
2002-07-06,17.093945873059006,12.85699378937979,9.572333536952444,-47.8179650631789
2002-07-07,18.02931326972539,12.202095310443221,7.117761152467724,-47.109077206621755
2002-07-08,18.969477584217433,13.351246000257497,6.670270196830614,-46.444167045142756
2002-07-09,19.612636518696736,13.312061385440465,6.993808017021128,-48.61111337713338
2002-07-10,18.460569290189646,14.831036853136757,8.305425058933558,-50.12768531244292
2002-07-11,18.87402053223624,15.09672978516226,7.51334322292166,-50.46193311290241
2002-07-12,17.96455099059666,13.953359329909341,7.033740445676459,-50.34188038526392
2002-07-13,19.061407768309067,14.405760532163711,8.22163136059076,-50.27206720316365
2002-07-14,18.296140430417434,13.824993856050414,9.880040588381021,-50.41275347474807
2002-07-15,18.33476855697409,14.344074248906495,11.287639738538877,-50.19893087557948
2002-07-16,19.758188920847633,14.687583055393791,11.154884890815374,-49.64966402629404
2002-07-17,20.617095285046716,14.841960242154371,11.230735818672535,-49.67678315173438
2002-07-18,19.77964452856896,14.511800874614028,10.518351056252847,-48.973726046726206
2002-07-19,19.491014269393087,14.859258842823015,8.402902929587166,-50.05468483258512
2002-07-20,21.92816191957925,16.322416281435494,9.157678910733999,-50.0269801557819
2002-07-21,22.87066697309348,15.076869938538737,8.47195130172602,-50.51385393378566
2002-07-22,22.181553079644875,15.571894834693524,6.468661630407654,-50.337998319964
2002-07-23,22.46963744803525,17.224492466907687,5.053169209104587,-49.85447392088652
2002-07-24,22.77413519786671,18.323035248928704,3.782813690737603,-50.284479306977886
2002-07-25,21.230972507916572,18.74771223394262,2.7543712639110116,-49.34798086165581
2002-07-26,22.57349247453353,18.351756564491815,0.9759814979233956,-49.47421979114262
2002-07-27,21.69236430918672,19.06062513261139,1.8469524464278653,-49.610785038709245
2002-07-28,21.10553356650257,17.96738035751775,0.5606818789316677,-50.021809716908436
2002-07-29,21.55753119304244,18.378079972233387,0.102119400075319,-49.5729684843457
2002-07-30,21.605616751760483,18.97211909585095,-0.8631163080624551,-50.49990983839815
2002-07-31,21.387329787271486,18.21662855710097,-1.7968318170505813,-49.62920471093391
2002-08-01,22.05990677578989,18.49809971159615,-0.7205279654802832,-48.851699238798815
2002-08-02,21.978106013676573,18.370083399015282,-1.4604575181617214,-47.903241025255234
2002-08-03,22.343346471862173,19.047371790507874,-2.222926419975589,-48.07933973942332
2002-08-04,23.63365390836489,18.7313368464486,-4.292725977614257,-48.05213259869043
2002-08-05,24.026808503718712,18.74032234549373,-3.8882826581857084,-47.406377393939756
2002-08-06,23.31694335317819,16.779614663435584,-3.1991443862556994,-46.43659133424862
2002-08-07,23.61875681596888,16.805911876043755,-2.8029184511512795,-46.71205050685312
2002-08-08,22.652027696125465,19.332124823244058,-3.943648234643676,-47.05155206947078
2002-08-09,20.9380120412934,15.663487606746743,-5.235873853466274,-45.54518653708819
2002-08-10,20.35602124872897,17.22264544060184,-4.537159346222573,-45.62386545818553
2002-08-11,21.22568877426022,17.18815144915653,-6.48020374352757,-46.076914959119414
2002-08-12,20.194429899693702,18.147850210947304,-4.636755959151422,-46.67107232878191
2002-08-13,20.695309970903995,17.523006344399086,-5.733554797329754,-45.07706364704691
2002-08-14,19.74452427796499,19.733166372671555,-4.164079631234156,-46.79601176198709
2002-08-15,20.00494490082491,19.58356991861104,-4.384507955972388,-46.55024820525615
2002-08-16,20.277751822972863,17.840883998876784,-2.1576150003495465,-45.9485463998944
2002-08-17,19.501323864289677,16.131117476396255,-0.5367024356455299,-46.69248014493038
2002-08-18,19.778715240074806,14.330851337658073,-0.4218080051985709,-46.9390090987541
2002-08-19,20.38772236713039,14.469723191411997,-0.8627602353613751,-47.203504368318875
2002-08-20,20.691590242737583,12.373739801384183,-0.4822017552191235,-46.79842437254339
2002-08-21,21.98559422507604,12.233332339092875,-1.2492161502692536,-47.72713253955477
2002-08-22,22.99834755480092,13.013549747558384,-2.7476366727533144,-48.545244455069074
2002-08-23,23.76142664872313,13.042186592493643,-2.9454318919774827,-49.46938491115322
2002-08-24,23.629222946881065,11.52187337882403,-1.2159005719481282,-48.40854059173991
2002-08-25,23.589126504392922,11.41382786997409,-2.479064824505614,-48.75883549217925
2002-08-26,23.627779765200565,8.807912394161322,-3.5773956806955125,-49.475496591939084
2002-08-27,23.625844693030317,8.415744996272048,-2.24380506445791,-50.27824725488203
2002-08-28,24.947641926286252,7.766322421883296,-1.7082933364984607,-50.93681782445366
2002-08-29,24.37809904366424,8.239892980530504,-1.107399928096663,-52.407056592987836
2002-08-30,25.612836275604757,9.471555527000147,-0.4574014874988348,-50.50778793374322
2002-08-31,26.14439704523077,9.483779481201976,0.05914110772493153,-51.95971912204762
2002-09-01,24.43346911851223,9.647509694594468,1.2110595882218864,-53.13781410994893
2002-09-02,22.884470205246902,9.287523598541537,0.341939138021509,-53.519552832805445
2002-09-03,23.983129700301056,8.42037690295317,-0.16587416132799881,-52.69958504404962
2002-09-04,22.039372684384052,8.091220410762848,-1.3930578580215862,-52.01856378679821
2002-09-05,23.236583101834764,8.687519397853608,0.9308141469903519,-51.18665536961971
2002-09-06,23.728836236951704,8.789173962273654,1.8004541779218313,-52.64245925347026
2002-09-07,23.61659759850765,9.760721668008733,-0.11071267902417414,-53.1004771808528
2002-09-08,24.0278032182347,9.37669741062485,-1.1072486779861064,-52.89456607056809
2002-09-09,24.135583718497077,7.847948147758438,-1.1008457447218045,-52.93949022434489
2002-09-10,23.29712408783027,7.5295748824208735,-2.131365034660038,-53.6768515808383
2002-09-11,21.894719937882765,8.019086220034973,0.3050857261825608,-55.85104784899147
2002-09-12,21.410487268962058,7.94724806064528,0.9808676594250407,-54.659507564868484
2002-09-13,21.23713023529256,7.492160858358528,-0.13613927157676597,-55.48036967208208
2002-09-14,21.62052408031955,9.016302039667849,-0.49722793937006576,-55.80454084754018
2002-09-15,21.34547423598023,9.909662104359507,-1.3945791058130756,-55.44580668570696
2002-09-16,21.02054279527681,12.368706380391465,-1.196213174781773,-56.64002665749044
2002-09-17,21.004834296342693,12.438255638747012,-1.7620079191800717,-56.47279037809161
2002-09-18,20.38557539548279,11.895738707670253,-1.5378092464813324,-56.368507657321494
2002-09-19,21.11299025454517,13.14936164762381,-1.7300552755879046,-56.64259256975264
2002-09-20,19.634687606525326,12.664174011506264,0.31450519173048397,-56.90762135390261
2002-09-21,20.170031710627427,12.975064948404148,0.08958570320840092,-57.311097272043725
2002-09-22,19.47672601480948,13.70005316040192,-1.1066561343201293,-58.44395643326706
2002-09-23,19.344694387482495,10.741527904739456,-0.896887154631479,-57.93875320967525
2002-09-24,21.67913878082668,10.701745196249766,0.6517667566584183,-58.80465048926615
2002-09-25,20.66150223127588,11.194674338343255,0.003535783707610096,-58.58240469377275
2002-09-26,22.42419289578796,11.512150532101536,-1.2112315426083806,-57.61282767346698
